<?xml version="1.0" encoding="UTF-8"?>
<project-private xmlns="http://www.netbeans.org/ns/project-private/1">
    <editor-bookmarks xmlns="http://www.netbeans.org/ns/editor-bookmarks/2" lastBookmarkId="0"/>
    <open-files xmlns="http://www.netbeans.org/ns/projectui-open-files/2">
        <group>
            <file>file:/C:/Users/Lara/Documents/Parck/FirstPageParck/src/Reservation.java</file>
            <file>file:/C:/Users/Lara/Documents/Parck/FirstPageParck/src/UserOrAdmin.java</file>
            <file>file:/C:/Users/Lara/Documents/Parck/FirstPageParck/src/WelcomeParck.java</file>
            <file>file:/C:/Users/Lara/Documents/Parck/FirstPageParck/src/AdminHome.java</file>
            <file>file:/C:/Users/Lara/Documents/Parck/FirstPageParck/src/UserInfo.java</file>
            <file>file:/C:/Users/Lara/Documents/Parck/FirstPageParck/src/Vehicule.java</file>
            <file>file:/C:/Users/Lara/Documents/Parck/FirstPageParck/src/LoginPark.java</file>
            <file>file:/C:/Users/Lara/Documents/Parck/FirstPageParck/src/PlacesInfo.java</file>
            <file>file:/C:/Users/Lara/Documents/Parck/FirstPageParck/src/NewAccount.java</file>
            <file>file:/C:/Users/Lara/Documents/Parck/FirstPageParck/src/HomePage.java</file>
            <file>file:/C:/Users/Lara/Documents/Parck/FirstPageParck/src/AdminFrame.java</file>
        </group>
    </open-files>
</project-private>
